Description,Response,response
"Creativity Street Pony Beads, Plastic, 6"" x 9"", 1000 Pack, Assorted Colors (CKC3552)",,"Here's some key information about this product:

Product Details:
- Brand: Creativity Street
- Product Type: Pony Beads
- Material: Plastic
- Pack Size: 1000 beads
- Dimensions: 6"" x 9"" package
- Color: Assorted colors
- Product Code/Model: CKC3552

These pony beads are versatile craft supplies typically used for:
- Jewelry making
- Children's crafts
- Bracelet and necklace creation
- Educational activities
- Art projects

The large pack of 1000 beads provides plenty of beads for multiple projects, and the assorted colors offer creative flexibility for crafters and educators."
Park & Sun Sports Disc Golf Target Hoop and Accessory Set: Super Loop,,"This appears to be a disc golf target/basket set by Park & Sun Sports. The ""Super Loop"" likely refers to a specific model or design of their disc golf target. These types of sets typically include:

1. A portable disc golf basket/target
2. The ""Super Loop"" target hoop
3. Possible accessories like carrying case or additional components

Key features might include:
- Portable design
- Lightweight construction
- Durable materials
- Suitable for practice or casual play
- Potentially collapsible for easy transport

Without more specific details from you, I can only provide a general overview. Would you like me to discuss disc golf targets in more general terms, or do you have specific questions about this particular set?"
Champion Sports Rhino Mini Promax Ball,,"The Champion Sports Rhino Mini Promax Ball is a sports ball designed for various athletic activities and training purposes. Here are some key details about this ball:

1. Purpose
- Suitable for multiple sports and training exercises
- Often used in physical education classes, recreational activities, and sports training

2. Size
- Typically smaller than standard balls
- ""Mini"" indicates a reduced size compared to regulation balls

3. Construction
- Made with durable materials
- Designed to withstand repeated use
- Likely has a textured surface for better grip

4. Potential Uses
- Dodgeball
- Indoor/outdoor games
- Physical education activities
- Skills training
- Recreational play

5. Characteristics
- Lightweight
- Easy to handle
- Suitable for various age groups
- Likely comes in different colors

Without more specific details from the manufacturer, these are general observations about the type of ball you mentioned. For precise specifications, it would be best to consult the Champion Sports product description or contact the manufacturer directly."
"Perler Beads Fuse Beads for Crafts, 6000pcs, Dark Brown",,"Here's a description of the product:

Product: Perler Beads Fuse Beads for Crafts
Quantity: 6000 pieces
Color: Dark Brown

Perler Beads are small, colorful plastic beads used for creating pixelated art, designs, and crafts. These beads can be arranged on a pegboard and then fused together using an iron to create various designs, patterns, and shapes. They are popular among crafters, children, and artists for making decorative items, ornaments, keychains, and more.

Key features:
- High-quality plastic beads
- Easy to use
- Can be fused together with an iron
- Suitable for various craft projects
- Dark brown color
- Comes with 6000 pieces

These beads are great for:
- Creating pixel art
- Making decorative ornaments
- Designing jewelry
- Educational activities
- Kids' crafts
- Adult hobby crafting

Recommended for ages 5 and up, with adult supervision for younger children during the ironing process.

Would you like more information about Perler Beads or crafting techniques?"
"UST Learn & Live Educational Card Set with Durable, Waterproof, Compact Design and Essential Outdoor Skills for Hiking, Camping and Outdoor Survival",,"Here's a detailed product description for the UST Learn & Live Educational Card Set:

Product Overview:
The UST Learn & Live Educational Card Set is an essential survival and outdoor skills resource designed for adventurers, campers, hikers, and outdoor enthusiasts. These compact, durable, and waterproof cards provide critical information and guidance for navigating and surviving in wilderness environments.

Key Features:
1. Waterproof Design
- Plastic-coated cards resistant to moisture and environmental damage
- Suitable for use in various weather conditions
- Can withstand exposure to rain, snow, and humidity

2. Compact and Portable
- Lightweight and pocket-sized
- Easy to carry in backpack, survival kit, or emergency gear
- Takes up minimal space in outdoor equipment

3. Essential Outdoor Skills Coverage
- Comprehensive information on wilderness survival techniques
- Topics include:
  * Fire starting methods
  * Shelter construction
  * Navigation skills
  * First aid procedures
  * Water purification techniques
  * Emergency signaling
  * Wildlife encounter strategies
  * Knot tying instructions

4. Educational and Practical
- Clear, concise instructions with visual illustrations
- Suitable for beginners and experienced outdoor enthusiasts
- Learn critical survival skills quickly and effectively

Specifications:
- Material: Durable, water-resistant plastic
- Number of Cards: Approximately 20-30 cards
- Size: Compact (roughly 3"" x 4"")
- Weight: Lightweight (under 4 ounces)

Recommended Uses:
- Hiking
- Camping
- Wilderness survival training
- Emergency preparedness
- Outdoor education

Ideal for:
- Outdoor enthusiasts
- Survival skills learners
- Campers and hikers
- Emergency preparedness groups
- Outdoor education programs

The UST Learn & Live Educational Card Set provides a practical, portable reference for essential outdoor and survival skills, making it an invaluable tool for anyone venturing into wilderness environments."
